Workbook

Sheet ورقة1
A1: رقم القيد | B1: اسم الطالب | C1: درجة الإنجليزي | D1: درجة العربي | E1: درجة اللوجيك
A2: =[1]بيانات!A2 -> B2612042091 | B2: =VLOOKUP(A2,[1]بيانات!$A$2:$C$179,2,0) -> ابراهيم عبداللمولى سالم احمد | C2: =IFERROR(VLOOKUP(A2,[1]الانجليزي!$A$2:$C$168,3,0),"") -> 35 | D2: =IFERROR(VLOOKUP(A2,[1]العربي!$A$2:$C$167,3,0),"لم ترصد") -> 38 | E2: =VLOOKUP(A2,[1]اللوجيك!$A$1:$D$179,4,0) -> 46
A3: =[1]بيانات!A3 -> B2612042029 | B3: =VLOOKUP(A3,[1]بيانات!$A$2:$C$179,2,0) -> ابراهيم نجيب عبدالفتاح عماد | C3: =IFERROR(VLOOKUP(A3,[1]الانجليزي!$A$2:$C$168,3,0),"") -> 40 | D3: =IFERROR(VLOOKUP(A3,[1]العربي!$A$2:$C$167,3,0),"لم ترصد") -> 29 | E3: =VLOOKUP(A3,[1]اللوجيك!$A$1:$D$179,4,0) -> 45
A4: =[1]بيانات!A4 -> B2612042062 | B4: =VLOOKUP(A4,[1]بيانات!$A$2:$C$179,2,0) -> ابوبكر هاني ابوبكر عبد الله | C4: =IFERROR(VLOOKUP(A4,[1]الانجليزي!$A$2:$C$168,3,0),"") -> 34 | D4: =IFERROR(VLOOKUP(A4,[1]العربي!$A$2:$C$167,3,0),"لم ترصد") -> 34 | E4: =VLOOKUP(A4,[1]اللوجيك!$A$1:$D$179,4,0) -> 35
A5: =[1]بيانات!A5 -> B2612042056 | B5: =VLOOKUP(A5,[1]بيانات!$A$2:$C$179,2,0) -> احمد صلاح سعيد مهدي بجل | C5: =IFERROR(VLOOKUP(A5,[1]الانجليزي!$A$2:$C$168,3,0),"") -> 34 | D5: =IFERROR(VLOOKUP(A5,[1]العربي!$A$2:$C$167,3,0),"لم ترصد") -> 35 | E5: =VLOOKUP(A5,[1]اللوجيك!$A$1:$D$179,4,0) -> 48
A6: =[1]بيانات!A6 -> B2612041021 | B6: =VLOOKUP(A6,[1]بيانات!$A$2:$C$179,2,0) -> احمد ماهر عبدالكريم حمود | C6: =IFERROR(VLOOKUP(A6,[1]الانجليزي!$A$2:$C$168,3,0),"") -> 30 | D6: =IFERROR(VLOOKUP(A6,[1]العربي!$A$2:$C$167,3,0),"لم ترصد") -> 40 | E6: =VLOOKUP(A6,[1]اللوجيك!$A$1:$D$179,4,0) -> 47
A7: =[1]بيانات!A7 -> B2612042110 | B7: =VLOOKUP(A7,[1]بيانات!$A$2:$C$179,2,0) -> احمد مختار احمد صالح | C7: =IFERROR(VLOOKUP(A7,[1]الانجليزي!$A$2:$C$168,3,0),"") -> 32 | D7: =IFERROR(VLOOKUP(A7,[1]العربي!$A$2:$C$167,3,0),"لم ترصد") -> 32 | E7: =VLOOKUP(A7,[1]اللوجيك!$A$1:$D$179,4,0) -> مستنهج
A8: =[1]بيانات!A8 -> B2612042092 | B8: =VLOOKUP(A8,[1]بيانات!$A$2:$C$179,2,0) -> احمد مروان محمد مثنى | C8: =IFERROR(VLOOKUP(A8,[1]الانجليزي!$A$2:$C$168,3,0),"") -> 38 | D8: =IFERROR(VLOOKUP(A8,[1]العربي!$A$2:$C$167,3,0),"لم ترصد") -> 36 | E8: =VLOOKUP(A8,[1]اللوجيك!$A$1:$D$179,4,0) -> 50
A9: =[1]بيانات!A9 -> B2612042031 | B9: =VLOOKUP(A9,[1]بيانات!$A$2:$C$179,2,0) -> احمد منير برافين بالكريشنا مراتا | C9: =IFERROR(VLOOKUP(A9,[1]الانجليزي!$A$2:$C$168,3,0),"") -> 39 | D9: =IFERROR(VLOOKUP(A9,[1]العربي!$A$2:$C$167,3,0),"لم ترصد") -> 40 | E9: =VLOOKUP(A9,[1]اللوجيك!$A$1:$D$179,4,0) -> 49
A10: =[1]بيانات!A10 -> B2612042030 | B10: =VLOOKUP(A10,[1]بيانات!$A$2:$C$179,2,0) -> احمد ياسر علي هادي | C10: =IFERROR(VLOOKUP(A10,[1]الانجليزي!$A$2:$C$168,3,0),"") -> 36 | D10: =IFERROR(VLOOKUP(A10,[1]العربي!$A$2:$C$167,3,0),"لم ترصد") -> 31 | E10: =VLOOKUP(A10,[1]اللوجيك!$A$1:$D$179,4,0) -> 48
A11: =[1]بيانات!A11 -> B2612041011 | B11: =VLOOKUP(A11,[1]بيانات!$A$2:$C$179,2,0) -> اسامة عبدالباقي مهيوب علي | C11: =IFERROR(VLOOKUP(A11,[1]الانجليزي!$A$2:$C$168,3,0),"") -> 35 | D11: =IFERROR(VLOOKUP(A11,[1]العربي!$A$2:$C$167,3,0),"لم ترصد") -> 34 | E11: =VLOOKUP(A11,[1]اللوجيك!$A$1:$D$179,4,0) -> 48
A12: =[1]بيانات!A12 -> B2612042083 | B12: =VLOOKUP(A12,[1]بيانات!$A$2:$C$179,2,0) -> اسامه شفيق احمد محمد المنصوب | C12: =IFERROR(VLOOKUP(A12,[1]الانجليزي!$A$2:$C$168,3,0),"") -> 30 | D12: =IFERROR(VLOOKUP(A12,[1]العربي!$A$2:$C$167,3,0),"لم ترصد") -> لم ترصد | E12: =VLOOKUP(A12,[1]اللوجيك!$A$1:$D$179,4,0) -> مستنهج
A13: =[1]بيانات!A13 -> B2612042051 | B13: =VLOOKUP(A13,[1]بيانات!$A$2:$C$179,2,0) -> اسامه عادل عبدالله محمد | C13: =IFERROR(VLOOKUP(A13,[1]الانجليزي!$A$2:$C$168,3,0),"") -> 40 | D13: =IFERROR(VLOOKUP(A13,[1]العربي!$A$2:$C$167,3,0),"لم ترصد") -> 34 | E13: =VLOOKUP(A13,[1]اللوجيك!$A$1:$D$179,4,0) -> 48
... A55: =[1]بيانات!A55 -> B2612041013 | B55: =VLOOKUP(A55,[1]بيانات!$A$2:$C$179,2,0) -> رضوان علي رضوان محمد | C55: =IFERROR(VLOOKUP(A55,[1]الانجليزي!$A$2:$C$168,3,0),"") -> 35 | D55: =IFERROR(VLOOKUP(A55,[1]العربي!$A$2:$C$167,3,0),"لم ترصد") -> 37 | E55: =VLOOKUP(A55,[1]اللوجيك!$A$1:$D$179,4,0) -> 47
A56: =[1]بيانات!A56 -> B2612042004 | B56: =VLOOKUP(A56,[1]بيانات!$A$2:$C$179,2,0) -> رغد سعيد محمد سعيد فرتوت العقري | C56: =IFERROR(VLOOKUP(A56,[1]الانجليزي!$A$2:$C$168,3,0),"لا توجد بيانات") -> لا توجد بيانات | D56: =IFERROR(VLOOKUP(A56,[1]العربي!$A$2:$C$167,3,0),"لم ترصد") -> 40 | E56: =VLOOKUP(A56,[1]اللوجيك!$A$1:$D$179,4,0) -> 49
A57: =[1]بيانات!A57 -> B2612042080 | B57: =VLOOKUP(A57,[1]بيانات!$A$2:$C$179,2,0) -> رنا محمد محسن عبيد السلامي | C57: =IFERROR(VLOOKUP(A57,[1]الانجليزي!$A$2:$C$168,3,0),"لا توجد بيانات") -> لا توجد بيانات | D57: =IFERROR(VLOOKUP(A57,[1]العربي!$A$2:$C$167,3,0),"لم ترصد") -> 40 | E57: =VLOOKUP(A57,[1]اللوجيك!$A$1:$D$179,4,0) -> 50
A58: =[1]بيانات!A58 -> B2612041015 | B58: =VLOOKUP(A58,[1]بيانات!$A$2:$C$179,2,0) -> رهف اسامة سعيد مانع | C58: =IFERROR(VLOOKUP(A58,[1]الانجليزي!$A$2:$C$168,3,0),"لا توجد بيانات") -> لا توجد بيانات | D58: =IFERROR(VLOOKUP(A58,[1]العربي!$A$2:$C$167,3,0),"لم ترصد") -> 40 | E58: =VLOOKUP(A58,[1]اللوجيك!$A$1:$D$179,4,0) -> 49
A59: =[1]بيانات!A59 -> B2612041039 | B59: =VLOOKUP(A59,[1]بيانات!$A$2:$C$179,2,0) -> روان وضاح حميد محمد احمد | C59: =IFERROR(VLOOKUP(A59,[1]الانجليزي!$A$2:$C$168,3,0),"لا توجد بيانات") -> 40 | D59: =IFERROR(VLOOKUP(A59,[1]العربي!$A$2:$C$167,3,0),"لم ترصد") -> 38 | E59: =VLOOKUP(A59,[1]اللوجيك!$A$1:$D$179,4,0) -> 50
A60: =[1]بيانات!A60 -> B2612042126 | B60: =VLOOKUP(A60,[1]بيانات!$A$2:$C$179,2,0) -> ريم احمد علي عبدالله الزبيري | C60: =IFERROR(VLOOKUP(A60,[1]الانجليزي!$A$2:$C$168,3,0),"لا توجد بيانات") -> 40 | D60: =IFERROR(VLOOKUP(A60,[1]العربي!$A$2:$C$167,3,0),"لم ترصد") -> 40 | E60: =VLOOKUP(A60,[1]اللوجيك!$A$1:$D$179,4,0) -> 49
A61: =[1]بيانات!A61 -> B2612042066 | B61: =VLOOKUP(A61,[1]بيانات!$A$2:$C$179,2,0) -> زاهية انور عبدالرحمن حيدره الاصبيحي | C61: =IFERROR(VLOOKUP(A61,[1]الانجليزي!$A$2:$C$168,3,0),"لا توجد بيانات") -> 40 | D61: =IFERROR(VLOOKUP(A61,[1]العربي!$A$2:$C$167,3,0),"لم ترصد") -> 40 | E61: =VLOOKUP(A61,[1]اللوجيك!$A$1:$D$179,4,0) -> 50
A62: =[1]بيانات!A62 -> B2612042082 | B62: =VLOOKUP(A62,[1]بيانات!$A$2:$C$179,2,0) -> زياد عبد الرقيب علي محمد | C62: =IFERROR(VLOOKUP(A62,[1]الانجليزي!$A$2:$C$168,3,0),"لا توجد بيانات") -> 40 | D62: =IFERROR(VLOOKUP(A62,[1]العربي!$A$2:$C$167,3,0),"لم ترصد") -> 36 | E62: =VLOOKUP(A62,[1]اللوجيك!$A$1:$D$179,4,0) -> 35
A63: =[1]بيانات!A63 -> B2612042010 | B63: =VLOOKUP(A63,[1]بيانات!$A$2:$C$179,2,0) -> زيد محمد سالم طالب المشئلي | C63: =IFERROR(VLOOKUP(A63,[1]الانجليزي!$A$2:$C$168,3,0),"لا توجد بيانات") -> 37 | D63: =IFERROR(VLOOKUP(A63,[1]العربي!$A$2:$C$167,3,0),"لم ترصد") -> 34 | E63: =VLOOKUP(A63,[1]اللوجيك!$A$1:$D$179,4,0) -> 49
A64: =[1]بيانات!A64 -> B2612042054 | B64: =VLOOKUP(A64,[1]بيانات!$A$2:$C$179,2,0) -> زيدان فؤاد عبدالسلام محمد | C64: =IFERROR(VLOOKUP(A64,[1]الانجليزي!$A$2:$C$168,3,0),"لا توجد بيانات") -> 34 | D64: =IFERROR(VLOOKUP(A64,[1]العربي!$A$2:$C$167,3,0),"لم ترصد") -> 20 | E64: =VLOOKUP(A64,[1]اللوجيك!$A$1:$D$179,4,0) -> مستنهج
A65: =[1]بيانات!A65 -> B2612041036 | B65: =VLOOKUP(A65,[1]بيانات!$A$2:$C$179,2,0) -> زينب عبدالوهاب احمد حسين الحنكة | C65: =IFERROR(VLOOKUP(A65,[1]الانجليزي!$A$2:$C$168,3,0),"لا توجد بيانات") -> 39 | D65: =IFERROR(VLOOKUP(A65,[1]العربي!$A$2:$C$167,3,0),"لم ترصد") -> 40 | E65: =VLOOKUP(A65,[1]اللوجيك!$A$1:$D$179,4,0) -> 50
A66: =[1]بيانات!A66 -> B2612042060 | B66: =VLOOKUP(A66,[1]بيانات!$A$2:$C$179,2,0) -> ساجد مراد احمد صالح | C66: =IFERROR(VLOOKUP(A66,[1]الانجليزي!$A$2:$C$168,3,0),"لا توجد بيانات") -> 34 | D66: =IFERROR(VLOOKUP(A66,[1]العربي!$A$2:$C$167,3,0),"لم ترصد") -> 38 | E66: =VLOOKUP(A66,[1]اللوجيك!$A$1:$D$179,4,0) -> 46
A67: =[1]بيانات!A67 -> B2612042064 | B67: =VLOOKUP(A67,[1]بيانات!$A$2:$C$179,2,0) -> سلطان نائف علي محمد اليافعي | C67: =IFERROR(VLOOKUP(A67,[1]الانجليزي!$A$2:$C$168,3,0),"لا توجد بيانات") -> 36 | D67: =IFERROR(VLOOKUP(A67,[1]العربي!$A$2:$C$167,3,0),"لم ترصد") -> 36 | E67: =VLOOKUP(A67,[1]اللوجيك!$A$1:$D$179,4,0) -> 48
... A179: =[1]بيانات!A179 -> B2612042093 | B179: =VLOOKUP(A179,[1]بيانات!$A$2:$C$179,2,0) -> يونس هشام محمد فرج عبدالله | C179: =IFERROR(VLOOKUP(A179,[1]الانجليزي!$A$2:$C$168,3,0),"لا توجد بيانات") -> 35 | D179: =IFERROR(VLOOKUP(A179,[1]العربي!$A$2:$C$167,3,0),"لم ترصد") -> لم ترصد | E179: =VLOOKUP(A179,[1]اللوجيك!$A$1:$D$179,4,0) -> مستنهج
